region,year,EV_sales,sales_share,EV_stock,stock_share
Australia,2011,49.0,0.0065000001341104,49.0,0.0003900000010617
Australia,2012,125.0,0.0299999993294477,150.0,0.0024000001139938
Australia,2013,145.0,0.0340000018477439,295.0,0.0046000001020729
Australia,2014,660.0,0.1599999964237213,940.0,0.0140000004321336
Australia,2015,880.0,0.2000000029802322,1800.0,0.0270000007003545
Australia,2016,685.0,0.1500000059604644,2500.0,0.0370000004768371
Australia,2017,1150.0,0.2599999904632568,3650.0,0.0520000010728836
Australia,2018,1800.0,0.4199999868869781,5450.0,0.0769999995827674
Australia,2019,4600.0,1.2000000476837158,10300.0,0.1400000005960464
Australia,2020,3450.0,1.100000023841858,13500.0,0.1800000071525573
Australia,2021,6814.666666666667,2.799999952316284,16014.666666666666,0.3199999928474426
Australia,2022,12971.666666666666,5.099999904632568,29366.666666666668,0.5899999737739563
Australia,2023,32668.666666666668,12.0,60355.0,1.2000000476837158
Austria,2013,650.0,0.2000000029802322,1255.0,0.0529999993741512
Austria,2014,853.0,0.5699999928474426,1394.3333333333333,0.0890000015497207
Austria,2015,934.6666666666666,0.8999999761581421,2168.6666666666665,0.1400000005960464
Austria,2016,2500.0,1.5,3804.3333333333335,0.2399999946355819
Austria,2017,2367.3333333333335,2.0,6306.333333333333,0.3799999952316284
Austria,2018,3035.6666666666665,2.5999999046325684,8908.0,0.5299999713897705
Austria,2019,3839.6666666666665,3.5,12680.333333333334,0.75
Austria,2020,7871.333333333333,9.5,20015.0,1.2000000476837158
Austria,2021,16004.666666666666,20.0,35351.666666666664,2.0999999046325684
Austria,2022,15671.333333333334,22.0,50687.333333333336,3.0
Austria,2023,21669.666666666668,26.0,73696.33333333333,4.400000095367432
Belgium,2010,28.0,0.0099999997764825,23.666666666666668,0.001300000003539
Belgium,2011,148.0,0.0520000010728836,115.66666666666667,0.0065000001341104
Belgium,2012,455.0,0.1899999976158142,393.6666666666667,0.0219999998807907
Belgium,2013,280.0,0.1199999973177909,597.0,0.032999999821186
Belgium,2014,975.0,0.4099999964237213,1234.0,0.06700000166893
Belgium,2015,1300.6666666666667,0.7699999809265137,2369.3333333333335,0.1299999952316284
Belgium,2016,3069.0,1.7000000476837158,5406.666666666667,0.2800000011920929
Belgium,2017,4903.666666666667,2.5999999046325684,10177.0,0.5299999713897705
Belgium,2018,4404.333333333333,2.400000095367432,14681.333333333334,0.7400000095367432
Belgium,2019,5904.0,3.200000047683716,20013.666666666668,1.0
Belgium,2020,15668.0,11.0,35021.333333333336,1.7999999523162842
Belgium,2021,23673.666666666668,18.0,57361.666666666664,2.900000095367432
Belgium,2022,32340.0,26.0,90026.66666666667,4.599999904632568
Belgium,2023,64336.333333333336,41.0,156699.66666666666,8.199999809265137
Brazil,2010,10.0,0.0003499999875202,,
Brazil,2011,8.0,0.0002800000074785,,
Brazil,2012,20.0,0.001300000003539,,
Brazil,2013,36.0,0.0024000001139938,,
Brazil,2014,61.0,0.002199999988079,61.0,0.000159999995958
Brazil,2015,44.5,0.0041999998502433,74.0,0.0003800000122282
Brazil,2016,88.5,0.0109999999403953,162.5,0.0007999999797903
Brazil,2017,215.0,0.0230000000447034,340.0,0.001700000022538
Brazil,2018,205.0,0.0199999995529651,525.0,0.0024999999441206
Brazil,2019,970.0,0.0860000029206276,1495.0,0.0070000002160668
Brazil,2020,1300.0,0.1599999964237213,2700.0,0.0130000002682209
Brazil,2021,4633.666666666667,0.8999999761581421,6467.0,0.0460000000894069
Brazil,2022,6167.333333333333,1.2000000476837158,13001.0,0.0890000015497207
Brazil,2023,26000.0,3.0,30667.666666666668,0.209999993443489
Bulgaria,2015,21.0,0.0900000035762786,,
Bulgaria,2016,6.5,0.050000000745058,,
Bulgaria,2017,53.0,0.3400000035762787,,
Bulgaria,2018,108.0,0.6399999856948853,,
Bulgaria,2019,118.0,0.6700000166893005,,
Bulgaria,2020,90.5,,,
Bulgaria,2021,275.0,2.200000047683716,,
Bulgaria,2022,570.0,4.0,,
Bulgaria,2023,1080.0,5.800000190734863,,
Canada,2011,260.0,0.0410000011324882,185.0,0.0028999999631196
Canada,2012,960.0,0.1400000005960464,811.6666666666666,0.0130000002682209
Canada,2013,1550.0,0.2199999988079071,1835.0,0.0270000007003545
Canada,2014,2550.0,0.3499999940395355,3568.3333333333335,0.0529999993741512
Canada,2015,3400.0,0.449999988079071,5868.333333333333,0.0839999988675117
Canada,2016,5800.0,0.7599999904632568,9668.333333333334,0.1299999952316284
Canada,2017,8350.0,1.0,15668.333333333334,0.209999993443489
Canada,2018,22000.0,2.799999952316284,29001.666666666668,0.3799999952316284
Canada,2019,17026.333333333332,3.400000095367432,45365.333333333336,0.5899999737739563
Canada,2020,17005.333333333332,4.199999809265137,70710.0,0.8299999833106995
Canada,2021,29043.333333333332,6.400000095367432,100083.33333333333,1.2000000476837158
Canada,2022,38339.666666666664,9.5,136766.66666666666,1.7000000476837158
Canada,2023,57004.333333333336,13.0,183440.0,2.299999952316284
Chile,2011,6.0,0.0024000001139938,6.0,0.0002200000017182
Chile,2012,5.0,0.0020000000949949,11.0,0.0003800000122282
Chile,2013,5.0,0.0019000000320374,16.0,0.0005099999834783
Chile,2014,8.5,0.0071000000461936,16.5,0.0010000000474974
Chile,2015,16.5,0.0170000009238719,34.5,0.0020999999251216
Chile,2016,13.5,0.0130000002682209,50.0,0.0028999999631196
Chile,2017,67.5,0.0610000006854534,115.5,0.0065000001341104
Chile,2018,84.0,0.0700000002980232,205.0,0.0109999999403953
Chile,2019,150.0,0.1400000005960464,325.0,0.0170000009238719
Chile,2020,94.5,0.1599999964237213,420.0,0.0219999998807907
Chile,2021,190.33333333333334,0.1899999976158142,470.3333333333333,0.0350000001490116
Chile,2022,500.3333333333333,0.5,967.3333333333334,0.0680000036954879
Chile,2023,460.0,0.3100000023841858,1300.6666666666667,0.0869999974966049
China,2010,720.0,0.0099999997764825,970.0,0.0031000000890344
China,2011,2560.0,0.0340000018477439,3480.0,0.0092000002041459
China,2012,4930.0,0.0729999989271164,8460.0,0.0189999993890523
China,2013,7865.0,0.0949999988079071,16300.0,0.0309999994933605
China,2014,36500.0,0.4000000059604645,42500.0,0.0700000002980232
China,2015,105500.0,1.0,148500.0,0.209999993443489
China,2016,169500.0,1.5,315000.0,0.3899999856948852
China,2017,290000.0,2.400000095367432,605000.0,0.6600000262260437
China,2018,545000.0,4.699999809265137,1120000.0,1.100000023841858
China,2019,530000.0,5.0,1685000.0,1.5
China,2020,570000.0,5.699999809265137,2245000.0,1.899999976158142
China,2021,1083339.6666666667,16.0,2600006.3333333335,3.0999999046325684
China,2022,1966746.6666666667,29.0,4700080.0,5.099999904632568
China,2023,2700173.3333333335,38.0,7266920.0,7.599999904632568
Colombia,2015,21.0,0.0170000009238719,,
Colombia,2016,26.5,0.0230000000447034,,
Colombia,2017,74.0,0.06700000166893,,
Colombia,2018,285.0,0.2399999946355819,,
Colombia,2019,660.0,0.550000011920929,,
Colombia,2020,475.0,0.5699999928474426,,
Colombia,2021,1270.0,1.2000000476837158,,
Colombia,2022,2150.0,2.0,,
Colombia,2023,3050.0,3.900000095367432,,
Costa Rica,2015,4.0,0.0096000004559755,140.0,
Costa Rica,2016,12.0,0.025000000372529,160.0,
Costa Rica,2017,25.0,0.0599999986588954,180.0,
Costa Rica,2018,200.0,0.5899999737739563,380.0,
Costa Rica,2019,460.0,1.5,840.0,
Costa Rica,2020,630.0,2.700000047683716,1500.0,
Costa Rica,2021,1000.0,3.900000095367432,2500.0,
Costa Rica,2022,1600.0,5.5,4100.0,
Costa Rica,2023,4900.0,12.0,9000.0,
Croatia,2019,128.5,0.4099999964237213,,
Croatia,2020,335.0,1.899999976158142,,
Croatia,2021,900.0,3.799999952316284,,
Croatia,2022,1120.0,5.0,,
Croatia,2023,1295.0,4.599999904632568,,
Cyprus,2019,23.0,0.1899999976158142,,
Cyprus,2020,62.5,1.399999976158142,,
Cyprus,2021,91.0,1.7000000476837158,,
Cyprus,2022,315.0,5.400000095367432,,
Cyprus,2023,650.0,8.800000190734863,,
Czech Republic,2015,300.0,0.1299999952316284,,
Czech Republic,2016,200.0,0.0799999982118606,,
Czech Republic,2017,390.0,0.1400000005960464,,
Czech Republic,2018,490.0,0.3799999952316284,,
Czech Republic,2019,615.0,0.4900000095367431,,
Czech Republic,2020,2650.0,2.5,,
Czech Republic,2021,3200.0,3.0999999046325684,,
Czech Republic,2022,3750.0,3.900000095367432,,
Czech Republic,2023,6000.0,5.400000095367432,,
Denmark,2011,211.0,0.25,250.0,0.0230000000447034
Denmark,2012,251.0,0.2899999916553497,607.0,0.0560000017285347
Denmark,2013,175.0,0.2800000011920929,757.0,0.0680000036954879
Denmark,2014,563.6666666666666,0.8999999761581421,1500.0,0.1299999952316284
Denmark,2015,1586.0,2.299999952316284,2835.6666666666665,0.3499999940395355
Denmark,2016,628.0,0.8500000238418579,3289.3333333333335,0.4000000059604645
Denmark,2017,448.3333333333333,0.6000000238418579,3561.0,0.4199999868869781
Denmark,2018,1535.0,2.0999999046325684,5096.0,0.5899999737739563
Denmark,2019,3136.0,4.199999809265137,8666.666666666666,0.959999978542328
Denmark,2020,10681.666666666666,16.0,20716.666666666668,2.299999952316284
Denmark,2021,21692.666666666668,35.0,48410.0,5.199999809265137
Denmark,2022,19002.0,39.0,70076.66666666667,7.800000190734863
Denmark,2023,26667.0,46.0,103410.0,11.0
EU27,2010,402.3333333333333,0.0099999997764825,1653.3333333333333,0.0024000001139938
EU27,2011,2499.3333333333335,0.0649999976158142,4162.666666666667,0.0060999998822808
EU27,2012,6509.666666666667,0.1899999976158142,10329.0,0.0149999996647238
EU27,2013,15014.0,0.4699999988079071,25703.333333333332,0.0370000004768371
EU27,2014,19009.333333333332,0.5600000023841858,44046.666666666664,0.0630000010132789
EU27,2015,39720.0,1.100000023841858,83436.66666666667,0.1199999973177909
EU27,2016,39710.0,0.9800000190734864,120153.33333333333,0.1700000017881393
EU27,2017,58090.0,1.2999999523162842,180250.0,0.25
EU27,2018,83386.66666666667,1.899999976158142,253583.33333333334,0.3499999940395355
EU27,2019,130160.0,2.900000095367432,370400.0,0.4900000095367431
EU27,2020,350220.0,10.0,697300.0,0.9300000071525574
EU27,2021,590286.6666666666,17.0,1300900.0,1.7000000476837158
EU27,2022,700400.0,21.0,1868000.0,2.5
EU27,2023,816923.3333333334,22.0,2701566.6666666665,3.5999999046325684
Estonia,2015,34.0,0.1599999964237213,,
Estonia,2016,35.0,0.1500000059604644,,
Estonia,2017,23.0,0.1800000071525573,,
Estonia,2018,59.0,0.4600000083446502,,
Estonia,2019,48.5,0.3600000143051147,,
Estonia,2020,207.5,1.7999999523162842,,
Estonia,2021,360.0,3.200000047683716,,
Estonia,2022,580.0,5.400000095367432,,
Estonia,2023,980.0,8.800000190734863,,
Europe,2010,612.3333333333334,0.0120000001043081,3301.0,0.0038999998942017
Europe,2011,3816.0,0.0740000009536743,6862.666666666667,0.0078999996185302
Europe,2012,9409.666666666666,0.2000000029802322,15603.333333333334,0.0179999992251396
Europe,2013,19680.666666666668,0.4199999868869781,34710.0,0.0399999991059303
Europe,2014,32010.666666666668,0.6600000262260437,66716.66666666667,0.0740000009536743
Europe,2015,63063.333333333336,1.2000000476837158,126780.0,0.1400000005960464
Europe,2016,71060.0,1.2000000476837158,196846.66666666666,0.2199999988079071
Europe,2017,100113.33333333333,1.7000000476837158,293630.0,0.3100000023841858
Europe,2018,133426.66666666666,2.299999952316284,417000.0,0.449999988079071
Europe,2019,193536.66666666666,3.299999952316284,590566.6666666666,0.6100000143051147
Europe,2020,466913.3333333333,10.0,1034133.3333333334,1.100000023841858
Europe,2021,766986.6666666666,17.0,1801133.3333333333,1.7999999523162842
Europe,2022,900433.3333333334,20.0,2601566.6666666665,2.700000047683716
Europe,2023,1100273.3333333333,21.0,3735166.6666666665,3.799999952316284
Finland,2011,30.0,0.025000000372529,56.0,0.0020000000949949
Finland,2012,90.5,0.1700000017881393,120.0,0.0086000002920627
Finland,2013,110.0,0.209999993443489,235.0,0.0170000009238719
Finland,2014,220.0,0.4099999964237213,465.0,0.0340000018477439
Finland,2015,330.0,0.6000000238418579,790.0,0.0579999983310699
Finland,2016,710.0,1.2000000476837158,1620.0,0.1199999973177909
Finland,2017,1550.0,2.5999999046325684,3550.0,0.2599999904632568
Finland,2018,2840.0,4.699999809265137,7700.0,0.5600000023841858
Finland,2019,3950.0,6.900000095367432,9900.333333333334,1.100000023841858
Finland,2020,8600.0,18.0,18567.0,2.0
Finland,2021,10000.333333333334,31.0,33333.666666666664,3.5999999046325684
Finland,2022,15500.0,38.0,48334.0,5.400000095367432
Finland,2023,24000.0,54.0,74667.33333333333,8.100000381469727
France,2010,136.0,0.0120000001043081,300.0,0.0009299999801442
France,2011,1328.0,0.1199999973177909,1498.0,0.0093000000342726
France,2012,3180.0,0.3300000131130218,4650.0,0.0280000008642673
France,2013,3250.3333333333335,0.5299999713897705,6167.0,0.0579999983310699
France,2014,4367.0,0.6899999976158142,10534.0,0.0970000028610229
France,2015,7936.666666666667,1.2000000476837158,18104.0,0.1700000017881393
France,2016,10211.333333333334,1.399999976158142,28015.333333333332,0.2599999904632568
France,2017,12682.0,1.7000000476837158,49030.666666666664,0.4600000083446502
France,2018,16003.333333333334,2.0,62700.0,0.6000000238418579
France,2019,21353.333333333332,2.700000047683716,85056.66666666667,0.6600000262260437
France,2020,61736.666666666664,11.0,146793.33333333334,1.100000023841858
France,2021,103338.0,17.0,246800.0,1.899999976158142
France,2022,113400.0,20.0,350196.6666666667,2.799999952316284
France,2023,156770.0,25.0,523630.0,4.099999904632568
Germany,2010,78.0,0.0049000000581145,134.5,0.0005799999926239
Germany,2011,559.3333333333334,0.0520000010728836,632.3333333333334,0.0043999999761581
Germany,2012,1143.0,0.1099999994039535,1795.3333333333333,0.0120000001043081
Germany,2013,2274.3333333333335,0.2300000041723251,4103.333333333333,0.0280000008642673
Germany,2014,4502.666666666667,0.449999988079071,8506.666666666666,0.0560000017285347
Germany,2015,7687.666666666667,0.7300000190734863,15060.0,0.0970000028610229
Germany,2016,12000.0,0.7400000095367432,22060.0,0.1400000005960464
Germany,2017,18027.333333333332,1.600000023841858,34753.333333333336,0.2199999988079071
Germany,2018,22370.0,2.0,55123.333333333336,0.3499999940395355
Germany,2019,36066.666666666664,3.0,80180.0,0.5
Germany,2020,130066.66666666667,14.0,203580.0,1.2999999523162842
Germany,2021,230153.33333333334,26.0,417066.6666666667,2.5999999046325684
Germany,2022,276946.6666666667,31.0,620700.0,3.900000095367432
Germany,2023,233420.0,24.0,834133.3333333334,5.400000095367432
Greece,2013,3.0,0.0051000001840293,3.0,6.7000000854e-05
Greece,2014,39.0,0.0549999997019767,42.0,0.0009500000160187
Greece,2015,28.5,0.0780000016093254,59.5,0.0027000000700354
Greece,2016,48.5,0.1199999973177909,109.0,0.0049999998882412
Greece,2017,95.0,0.2199999988079071,205.0,0.0096000004559755
Greece,2018,149.0,0.2899999916553497,360.0,0.0170000009238719
Greece,2019,240.0,0.4199999868869781,600.0,0.0289999991655349
Greece,2020,1090.0,2.5999999046325684,1650.0,0.0829999968409538
Greece,2021,3500.0,6.900000095367432,5150.0,0.2599999904632568
Greece,2022,4150.0,7.900000095367432,9700.0,0.5199999809265137
Greece,2023,8500.0,14.0,17000.0,0.9100000262260436
Hungary,2015,67.5,0.1700000017881393,,
Hungary,2016,170.0,0.3600000143051147,,
Hungary,2017,595.0,1.0,,
Hungary,2018,1035.0,1.5,,
Hungary,2019,1450.0,1.899999976158142,,
Hungary,2020,3000.0,4.699999809265137,,
Hungary,2021,4250.0,7.0,,
Hungary,2022,4800.0,8.600000381469727,,
Hungary,2023,5650.0,11.0,,
Iceland,2010,11.0,,17.0,0.0066999997943639
Iceland,2012,13.0,0.3300000131130218,20.0,0.0189999993890523
Iceland,2013,51.5,1.399999976158142,53.333333333333336,0.06700000166893
Iceland,2014,114.5,2.400000095367432,98.33333333333333,0.1500000059604644
Iceland,2015,280.0,3.900000095367432,238.0,0.3600000143051147
Iceland,2016,580.0,6.300000190734863,521.0,0.75
Iceland,2017,1520.0,14.0,1300.6666666666667,1.7000000476837158
Iceland,2018,1232.0,20.0,2672.3333333333335,3.400000095367432
Iceland,2019,1035.6666666666667,26.0,3677.0,4.699999809265137
Iceland,2020,1633.6666666666667,52.0,5010.0,6.5
Iceland,2021,3034.3333333333335,70.0,7177.0,9.300000190734863
Iceland,2022,6000.0,69.0,11010.333333333334,14.0
Iceland,2023,4133.666666666667,71.0,14675.666666666666,18.0
India,2010,450.0,0.0209999997168779,880.0,0.0049999998882412
India,2011,1400.0,0.0560000017285347,1300.0,0.0066999997943639
India,2012,190.0,0.0071999998763203,2800.0,0.0120000001043081
India,2013,410.0,0.0160000007599592,2900.0,0.0120000001043081
India,2014,1000.0,0.0379999987781047,3400.0,0.0130000002682209
India,2015,450.0,0.0170000009238719,4400.0,0.0149999996647238
India,2016,730.0,0.0260000005364418,4800.0,0.0149999996647238
India,2017,920.0,0.0309999994933605,7000.0,0.0209999997168779
India,2018,920.0,0.0299999993294477,7900.0,0.0219999998807907
India,2019,343.5,0.0240000002086162,4303.5,0.0219999998807907
India,2020,1571.5,0.1199999973177909,6025.0,0.0289999991655349
India,2021,4017.0,0.3499999940395355,7700.333333333333,0.0540000014007091
India,2022,16008.333333333334,1.2000000476837158,24041.0,0.1500000059604644
India,2023,41135.0,2.0,50131.0,0.3100000023841858
Ireland,2015,295.0,0.4699999988079071,,
Ireland,2016,345.0,0.4699999988079071,,
Ireland,2017,475.0,0.7200000286102295,,
Ireland,2018,970.0,1.600000023841858,,
Ireland,2019,2350.0,4.099999904632568,,
Ireland,2020,3250.0,7.400000095367432,,
Ireland,2021,8250.0,16.0,,
Ireland,2022,11850.0,22.0,,
Ireland,2023,16500.0,27.0,,
Israel,2011,3.0,0.001300000003539,85.0,0.0043000001460313
Israel,2012,300.5,0.270000010728836,305.5,0.0289999991655349
Israel,2013,238.5,0.209999993443489,509.0,0.0480000004172325
Israel,2014,29.0,0.0219999998807907,635.0,0.0560000017285347
Israel,2015,34.0,0.0240000002086162,670.0,0.0549999997019767
Israel,2016,34.0,0.0219999998807907,700.0,0.0540000014007091
Israel,2017,815.0,0.5199999809265137,1550.0,0.1099999994039535
Israel,2018,1865.0,1.2000000476837158,3400.0,0.2300000041723251
Israel,2019,2375.0,1.600000023841858,5700.0,0.3700000047683716
Israel,2020,3450.0,2.5999999046325684,9400.0,0.5799999833106995
Israel,2021,12000.0,6.900000095367432,21500.0,1.2999999523162842
Israel,2022,21500.0,12.0,44000.0,2.5
Israel,2023,32500.0,19.0,75500.0,4.199999809265137
Italy,2010,40.0,0.0020000000949949,650.0,0.001700000022538
Italy,2011,110.0,0.0065000001341104,760.0,0.0020000000949949
Italy,2012,460.0,0.032999999821186,1200.0,0.0031999999191612
Italy,2013,520.0,0.0799999982118606,1090.0,0.0057999999262392
Italy,2014,450.0,0.1000000014901161,1210.0,0.0093999998643994
Italy,2015,747.0,0.1400000005960464,1903.6666666666667,0.0149999996647238
Italy,2016,1350.0,0.1500000059604644,2837.0,0.0219999998807907
Italy,2017,2450.0,0.25,4470.333333333333,0.0340000018477439
Italy,2018,3233.6666666666665,0.5099999904632568,7670.666666666667,0.0579999983310699
Italy,2019,5839.0,0.8999999761581421,13342.666666666666,0.1000000014901161
Italy,2020,20002.333333333332,4.300000190734863,33011.666666666664,0.25
Italy,2021,46003.333333333336,9.5,76681.66666666667,0.5899999737739563
Italy,2022,38003.666666666664,8.600000381469727,116685.33333333333,0.9100000262260436
Italy,2023,45334.0,9.199999809265137,163353.0,1.2999999523162842
Japan,2010,1201.0,0.0529999993741512,3500.0,0.0060999998822808
Japan,2011,6507.5,0.2899999916553497,8007.5,0.0280000008642673
Japan,2012,8000.333333333333,0.449999988079071,20500.0,0.0689999982714653
Japan,2013,9668.0,0.5400000214576721,34500.0,0.1199999973177909
Japan,2014,10669.0,0.6100000143051147,55500.0,0.1899999976158142
Japan,2015,8130.0,0.5199999809265137,44800.0,0.2199999988079071
Japan,2016,8500.0,0.5099999904632568,51466.666666666664,0.25
Japan,2017,18283.333333333332,1.2000000476837158,67433.33333333333,0.3100000023841858
Japan,2018,16870.0,1.100000023841858,77633.33333333333,0.3600000143051147
Japan,2019,13223.333333333334,0.8600000143051147,87866.66666666667,0.4099999964237213
Japan,2020,10163.333333333334,0.75,101366.66666666667,0.449999988079071
Japan,2021,15833.333333333334,1.2000000476837158,115533.33333333333,0.5099999904632568
Japan,2022,32663.333333333332,2.799999952316284,139200.0,0.6399999856948853
Japan,2023,46773.333333333336,3.5999999046325684,182633.33333333334,0.8399999737739563
Korea,2010,61.0,0.0049999998882412,61.0,0.0003999999898951
Korea,2011,270.0,0.0230000000447034,340.0,0.002199999988079
Korea,2012,510.0,0.0410000011324882,850.0,0.0054000001400709
Korea,2013,600.0,0.0489999987185001,1400.0,0.0091000003740191
Korea,2014,1300.0,0.0930000022053718,2700.0,0.0170000009238719
Korea,2015,1126.3333333333333,0.2199999988079071,2020.6666666666667,0.0359999984502792
Korea,2016,1696.0,0.3300000131130218,3542.0,0.0640000030398368
Korea,2017,4915.0,0.949999988079071,8466.666666666666,0.1400000005960464
Korea,2018,20103.333333333332,3.799999952316284,20500.0,0.3300000131130218
Korea,2019,13300.0,2.299999952316284,35033.333333333336,0.5299999713897705
Korea,2020,14900.0,2.400000095367432,51333.333333333336,0.7400000095367432
Korea,2021,33400.0,5.800000190734863,84333.33333333333,1.2000000476837158
Korea,2022,47000.0,8.5,128666.66666666667,1.7000000476837158
Korea,2023,45433.333333333336,7.900000095367432,174333.33333333334,2.299999952316284
Latvia,2015,13.0,0.1899999976158142,,
Latvia,2016,20.0,0.2399999946355819,,
Latvia,2017,20.0,0.2399999946355819,,
Latvia,2018,45.0,0.5299999713897705,,
Latvia,2019,49.0,0.5400000214576721,,
Latvia,2020,191.5,2.5999999046325684,,
Latvia,2021,275.0,3.900000095367432,,
Latvia,2022,700.0,8.100000381469727,,
Latvia,2023,1030.0,11.0,,
Lithuania,2015,37.0,0.2199999988079071,,
Lithuania,2016,64.0,0.3199999928474426,,
Lithuania,2017,52.0,0.2000000029802322,,
Lithuania,2018,140.0,,,
Lithuania,2019,160.0,0.3499999940395355,,
Lithuania,2020,450.0,1.100000023841858,,
Lithuania,2021,800.0,5.0,,
Lithuania,2022,1035.0,7.900000095367432,,
Lithuania,2023,2100.0,7.5,,
Luxembourg,2019,950.0,3.5,,
Luxembourg,2020,2600.0,11.0,,
Luxembourg,2021,4500.0,20.0,,
Luxembourg,2022,5100.0,24.0,,
Luxembourg,2023,7900.0,32.0,,
Mexico,2011,3.0,0.0002600000007078,3.0,1.4999999621e-05
Mexico,2012,88.0,0.0076999999582767,91.0,0.0004400000034365
Mexico,2013,12.0,0.0008900000248104,100.0,0.0004799999878741
Mexico,2014,48.0,0.0038000000640749,150.0,0.0006699999794363
Mexico,2015,49.5,0.0080000003799796,123.5,0.0010999999940395
Mexico,2016,385.0,0.0529999993741512,515.0,0.0041999998502433
Mexico,2017,600.0,0.0860000029206276,1115.0,0.008899999782443
Mexico,2018,900.0,0.1400000005960464,2015.0,0.0149999996647238
Mexico,2019,845.0,0.1400000005960464,2800.0,0.0209999997168779
Mexico,2020,1900.0,0.449999988079071,4750.0,0.0350000001490116
Mexico,2021,3250.0,0.7200000286102295,8000.0,0.0590000003576278
Mexico,2022,4200.0,0.8899999856948853,12000.0,0.0890000015497207
Mexico,2023,7600.0,1.2999999523162842,20000.0,0.1400000005960464
Netherlands,2010,120.0,0.025000000372529,140.5,0.0035999999381601
Netherlands,2011,438.5,0.1599999964237213,563.0,0.0149999996647238
Netherlands,2012,2545.0,1.0,3150.0,0.0790000036358833
Netherlands,2013,11300.0,5.5,14100.0,0.3600000143051147
Netherlands,2014,4900.733333349228,3.900000095367432,14600.733333349228,0.550000011920929
Netherlands,2015,14139.666666666666,9.5,29475.333333333332,1.100000023841858
Netherlands,2016,7335.666666666667,5.800000190734863,37344.333333333336,1.399999976158142
Netherlands,2017,3035.0,2.200000047683716,39346.333333333336,1.399999976158142
Netherlands,2018,9204.333333333334,6.199999809265137,46350.666666666664,1.600000023841858
Netherlands,2019,22116.666666666668,15.0,67403.33333333333,2.299999952316284
Netherlands,2020,29046.666666666668,25.0,89453.33333333333,3.0999999046325684
Netherlands,2021,30703.333333333332,29.0,126830.0,4.300000190734863
Netherlands,2022,35354.666666666664,35.0,173533.33333333334,6.0
Netherlands,2023,52013.333333333336,44.0,233540.0,8.300000190734863
New Zealand,2010,10.0,0.0063000000081956,14.0,0.0004799999878741
New Zealand,2011,7.5,0.0098999999463558,14.5,0.0009899999713525
New Zealand,2012,13.5,0.0170000009238719,28.0,0.0019000000320374
New Zealand,2013,18.0,0.0189999993890523,46.0,0.0031000000890344
New Zealand,2014,160.0,0.1400000005960464,205.0,0.0140000004321336
New Zealand,2015,250.0,0.3000000119209289,455.0,0.0299999993294477
New Zealand,2016,770.0,0.7799999713897705,1180.0,0.0799999982118606
New Zealand,2017,1720.0,1.399999976158142,2950.0,0.1899999976158142
New Zealand,2018,2800.0,2.0999999046325684,5700.0,0.3700000047683716
New Zealand,2019,2300.6666666666665,2.299999952316284,5800.666666666667,0.5699999928474426
New Zealand,2020,1801.0,1.600000023841858,7635.0,0.7200000286102295
New Zealand,2021,3433.6666666666665,3.400000095367432,11802.0,1.100000023841858
New Zealand,2022,9403.333333333334,11.0,21672.0,1.899999976158142
New Zealand,2023,12668.0,14.0,33340.0,2.799999952316284
Norway,2010,360.0,0.2800000011920929,1351.0,0.1199999973177909
Norway,2011,2000.0,1.399999976158142,1951.5,0.1700000017881393
Norway,2012,2110.0,3.0999999046325684,4170.0,0.3600000143051147
Norway,2013,4120.0,5.800000190734863,7830.0,0.6399999856948853
Norway,2014,7234.666666666667,15.0,11768.0,1.399999976158142
Norway,2015,11303.0,22.0,23004.333333333332,2.700000047683716
Norway,2016,15006.666666666666,29.0,38013.333333333336,4.300000190734863
Norway,2017,20676.666666666668,39.0,60023.333333333336,6.400000095367432
Norway,2018,24348.333333333332,49.0,82373.33333333333,8.899999618530273
Norway,2019,26343.0,56.0,110060.0,12.0
Norway,2020,35338.666666666664,75.0,163400.0,17.0
Norway,2021,49346.333333333336,86.0,210076.66666666666,21.0
Norway,2022,52009.0,89.0,263420.0,26.0
Norway,2023,36668.666666666664,93.0,300096.6666666667,29.0
Poland,2010,8.0,0.0048000002279877,,
Poland,2011,43.0,0.0140000004321336,,
Poland,2012,24.0,0.0170000009238719,,
Poland,2013,18.5,0.0130000002682209,,
Poland,2014,100.5,0.061999998986721,,
Poland,2015,110.0,0.0610000006854534,2500.0,0.0120000001043081
Poland,2016,255.0,0.1199999973177909,2600.0,0.0170000009238719
Poland,2017,540.0,0.2199999988079071,1557.0,0.0140000004321336
Poland,2018,460.3333333333333,0.2599999904632568,1864.0,0.0209999997168779
Poland,2019,1350.0,0.4900000095367431,2878.0,0.0469999983906745
Poland,2020,4100.0,1.899999976158142,5909.333333333333,0.0949999988079071
Poland,2021,5459.333333333333,3.5999999046325684,12363.666666666666,0.1899999976158142
Poland,2022,8348.666666666666,6.0,20376.666666666668,0.3100000023841858
Poland,2023,10027.666666666666,6.599999904632568,33070.0,0.4900000095367431
Portugal,2010,13.0,0.0057999999262392,720.0,0.0149999996647238
Portugal,2011,86.0,0.1099999994039535,910.0,0.0189999993890523
Portugal,2012,42.0,0.0879999995231628,960.0,0.0230000000447034
Portugal,2013,92.5,0.1700000017881393,568.5,0.0270000007003545
Portugal,2014,144.0,0.2000000029802322,673.0,0.0289999991655349
Portugal,2015,550.0,0.6200000047683716,1265.0,0.0529999993741512
Portugal,2016,900.0,0.8700000047683716,2200.0,0.0930000022053718
Portugal,2017,2200.0,2.0,4400.0,0.1899999976158142
Portugal,2018,4100.0,3.5999999046325684,8350.0,0.3600000143051147
Portugal,2019,6300.0,5.599999904632568,15000.0,0.6200000047683716
Portugal,2020,9900.0,13.0,24500.0,1.100000023841858
Portugal,2021,9667.0,20.0,26001.0,1.7000000476837158
Portugal,2022,17000.0,22.0,37001.0,2.5
Portugal,2023,21000.666666666668,32.0,58334.333333333336,3.900000095367432
Rest of the world,2011,42.0,0.0003199999919161,240.0,0.0001900000061141
Rest of the world,2012,224.0,0.0035999999381601,299.0,0.0004299999854993
Rest of the world,2013,105.5,0.001700000022538,399.0,0.0005499999970197
Rest of the world,2014,275.0,0.0043000001460313,685.0,0.00089999998454
Rest of the world,2015,2150.0,0.0379999987781047,3150.0,0.0040000001899898
Rest of the world,2016,790.0,0.0160000007599592,3850.0,0.0048000002279877
Rest of the world,2017,1235.0,0.0230000000447034,4950.0,0.006000000052154
Rest of the world,2018,2000.0,0.0370000004768371,6850.0,0.0082000000402331
Rest of the world,2019,4000.0,0.0820000022649765,10800.0,0.0130000002682209
Rest of the world,2020,5068.0,0.1800000071525573,12001.333333333334,0.0209999997168779
Rest of the world,2021,13450.0,0.2800000011920929,20668.0,0.0359999984502792
Rest of the world,2022,18633.666666666668,0.6700000166893005,39001.666666666664,0.0680000036954879
Rest of the world,2023,63000.0,1.5,79668.33333333333,0.1400000005960464
Romania,2015,24.0,0.0299999993294477,,
Romania,2016,74.0,0.0799999982118606,,
Romania,2017,190.0,0.1800000071525573,,
Romania,2018,600.0,0.4600000083446502,,
Romania,2019,1500.0,0.9300000071525574,,
Romania,2020,1900.0,3.0999999046325684,,
Romania,2021,6300.0,5.199999809265137,,
Romania,2022,12000.0,9.0,,
Romania,2023,15000.0,11.0,,
Seychelles,2015,3.0,0.1500000059604644,,
Seychelles,2016,12.0,0.6299999952316284,,
Seychelles,2017,30.0,2.0,,
Seychelles,2018,32.0,2.299999952316284,,
Seychelles,2019,37.0,2.5999999046325684,,
Seychelles,2020,26.0,3.299999952316284,,
Seychelles,2021,61.0,4.199999809265137,,
Seychelles,2022,37.0,1.7000000476837158,,
Seychelles,2023,100.0,5.0,,
Slovakia,2015,52.0,0.0700000002980232,,
Slovakia,2016,59.0,0.0700000002980232,,
Slovakia,2017,210.0,0.2199999988079071,,
Slovakia,2018,290.0,0.3000000119209289,,
Slovakia,2019,180.0,0.3600000143051147,,
Slovakia,2020,890.0,2.299999952316284,,
Slovakia,2021,1150.0,3.0,,
Slovakia,2022,1500.0,3.700000047683716,,
Slovakia,2023,2650.0,6.099999904632568,,
Slovenia,2016,93.0,0.3199999928474426,,
Slovenia,2017,230.0,0.6399999856948853,,
Slovenia,2018,330.0,0.9100000262260436,,
Slovenia,2019,109.0,0.2899999916553497,,
Slovenia,2020,819.5,3.0999999046325684,,
Slovenia,2021,1005.0,3.799999952316284,,
Slovenia,2022,1445.0,6.199999809265137,,
Slovenia,2023,2650.0,11.0,,
South Africa,2013,34.0,0.0074999998323619,34.0,0.0005200000014156
South Africa,2014,7.5,0.003400000045076,24.5,0.0007200000109151
South Africa,2015,120.0,0.0579999983310699,140.0,0.0041000000201165
South Africa,2016,190.0,0.1000000014901161,330.0,0.0093000000342726
South Africa,2017,99.0,0.0529999993741512,430.0,0.0120000001043081
South Africa,2018,74.0,0.0410000011324882,505.0,0.0140000004321336
South Africa,2019,116.0,0.0640000030398368,620.0,0.0160000007599592
South Africa,2020,121.0,0.0979999974370002,735.0,0.0189999993890523
South Africa,2021,90.66666666666667,0.0879999995231628,580.3333333333334,0.0230000000447034
South Africa,2022,207.33333333333334,0.1700000017881393,741.0,0.0280000008642673
South Africa,2023,540.0,0.2899999916553497,1167.6666666666667,0.0439999997615814
Spain,2010,76.0,0.0076999999582767,76.0,0.0003399999986868
Spain,2011,199.0,0.0489999987185001,234.0,0.0020999999251216
Spain,2012,270.0,0.0759999975562095,505.0,0.0044999998062849
Spain,2013,441.0,0.1199999973177909,945.0,0.0086000002920627
Spain,2014,865.0,0.2000000029802322,1810.0,0.0160000007599592
Spain,2015,1040.0,0.2000000029802322,2850.0,0.0260000005364418
Spain,2016,1750.0,0.3100000023841858,4650.0,0.0399999991059303
Spain,2017,3700.0,0.6000000238418579,8150.0,0.0710000023245811
Spain,2018,3867.0,0.8799999952316284,9333.666666666666,0.1199999973177909
Spain,2019,5800.333333333333,1.399999976158142,15000.666666666666,0.1899999976158142
Spain,2020,14002.333333333334,4.900000095367432,29336.333333333332,0.3600000143051147
Spain,2021,22336.666666666668,7.800000190734863,51673.0,0.6200000047683716
Spain,2022,27334.666666666668,8.899999618530273,75341.0,0.9399999976158142
Spain,2023,40668.0,12.0,120009.0,1.5
Sweden,2010,4.0,0.001300000003539,4.0,9.20000020414e-05
Sweden,2011,180.0,0.0540000014007091,180.0,0.0041000000201165
Sweden,2012,465.0,0.3100000023841858,625.0,0.0280000008642673
Sweden,2013,511.0,0.5299999713897705,867.6666666666666,0.0579999983310699
Sweden,2014,2300.0,1.399999976158142,2367.6666666666665,0.1500000059604644
Sweden,2015,2900.3333333333335,2.400000095367432,4868.0,0.3100000023841858
Sweden,2016,4301.0,3.400000095367432,8835.666666666666,0.550000011920929
Sweden,2017,6804.666666666667,5.099999904632568,14340.333333333334,0.8899999856948853
Sweden,2018,14550.0,7.599999904632568,22007.0,1.2999999523162842
Sweden,2019,13667.333333333334,11.0,32347.333333333332,2.0
Sweden,2020,31335.0,32.0,58682.333333333336,3.5999999046325684
Sweden,2021,45005.333333333336,43.0,100021.0,6.0
Sweden,2022,54334.0,54.0,146688.33333333334,8.699999809265137
Sweden,2023,57000.666666666664,60.0,186682.66666666666,11.0
Switzerland,2011,220.5,0.1400000005960464,220.5,0.0099999997764825
Switzerland,2012,370.0,0.2300000041723251,590.0,0.0280000008642673
Switzerland,2013,685.0,0.4300000071525574,1250.0,0.0579999983310699
Switzerland,2014,1450.0,0.959999978542328,2705.0,0.1199999973177909
Switzerland,2015,1903.3333333333333,1.7000000476837158,3670.0,0.25
Switzerland,2016,2042.0,1.899999976158142,5345.333333333333,0.3600000143051147
Switzerland,2017,2800.3333333333335,2.700000047683716,8345.666666666666,0.5400000214576721
Switzerland,2018,3174.0,3.200000047683716,11686.333333333334,0.7699999809265137
Switzerland,2019,5775.0,5.599999904632568,16694.666666666668,1.100000023841858
Switzerland,2020,17000.0,14.0,28028.0,1.7999999523162842
Switzerland,2021,18018.666666666668,23.0,46380.0,2.900000095367432
Switzerland,2022,19690.666666666668,26.0,67070.0,4.199999809265137
Switzerland,2023,25342.333333333332,30.0,92080.0,5.800000190734863
Turkiye,2012,92.0,0.0160000007599592,,
Turkiye,2013,1.0,0.0001199999969685,230.0,0.0024999999441206
Turkiye,2014,34.0,0.0120000001043081,260.0,0.0027000000700354
Turkiye,2015,115.0,0.0309999994933605,370.0,0.0038000000640749
Turkiye,2016,63.5,0.0130000002682209,315.0,0.006000000052154
Turkiye,2017,55.5,0.0109999999403953,370.0,0.0065999999642372
Turkiye,2018,117.5,0.0439999997615814,465.0,0.0082000000402331
Turkiye,2019,162.0,0.06700000166893,920.0,0.0160000007599592
Turkiye,2020,645.0,0.1700000017881393,1950.0,0.032999999821186
Turkiye,2021,1960.0,0.550000011920929,4300.0,0.0689999982714653
Turkiye,2022,3770.0,1.100000023841858,8150.0,0.1299999952316284
Turkiye,2023,34350.0,10.0,40950.0,0.6299999952316284
USA,2010,1200.0,0.0120000001043081,3800.0,0.001700000022538
USA,2011,8900.0,0.1500000059604644,11000.0,0.0098999999463558
USA,2012,27000.0,0.4199999868869781,37500.0,0.0340000018477439
USA,2013,48500.0,0.7099999785423279,86000.0,0.0780000016093254
USA,2014,39351.666666666664,0.7699999809265137,96685.0,0.1400000005960464
USA,2015,38033.333333333336,0.699999988079071,133386.66666666666,0.1899999976158142
USA,2016,53700.0,0.9900000095367432,190400.0,0.2599999904632568
USA,2017,65433.333333333336,1.2999999523162842,254500.0,0.3300000131130218
USA,2018,120900.0,2.299999952316284,375400.0,0.4799999892711639
USA,2019,109000.0,2.0999999046325684,486066.6666666667,0.6200000047683716
USA,2020,98400.0,2.299999952316284,583066.6666666666,0.7699999809265137
USA,2021,211033.33333333334,4.699999809265137,744000.0,0.949999988079071
USA,2022,330900.0,7.400000095367432,1008333.3333333334,1.2999999523162842
USA,2023,464333.3333333333,9.5,1606000.0,2.0999999046325684
United Arab Emirates,2018,59.5,0.025000000372529,,
United Arab Emirates,2019,47.0,0.0260000005364418,,
United Arab Emirates,2020,345.5,0.5299999713897705,,
United Arab Emirates,2021,2050.0,2.5999999046325684,,
United Arab Emirates,2022,9450.0,11.0,,
United Arab Emirates,2023,14450.0,13.0,,
United Kingdom,2010,130.5,0.0130000002682209,760.5,0.0052999998442828
United Kingdom,2011,603.5,0.061999998986721,1314.0,0.0089999996125698
United Kingdom,2012,1285.0,0.1299999952316284,2545.0,0.0170000009238719
United Kingdom,2013,1850.0,0.1599999964237213,4100.0,0.0270000007003545
United Kingdom,2014,7250.0,0.5899999737739563,10850.0,0.0719999969005584
United Kingdom,2015,9670.333333333334,1.100000023841858,24000.0,0.1599999964237213
United Kingdom,2016,13003.333333333334,1.399999976158142,42500.0,0.270000010728836
United Kingdom,2017,16344.666666666666,1.899999976158142,43011.333333333336,0.4000000059604645
United Kingdom,2018,20678.666666666668,2.5999999046325684,62023.333333333336,0.5699999928474426
United Kingdom,2019,25022.666666666668,3.299999952316284,83723.33333333333,0.7599999904632568
United Kingdom,2020,59352.333333333336,11.0,136743.33333333334,1.2999999523162842
United Kingdom,2021,103337.33333333333,19.0,236746.66666666666,2.0999999046325684
United Kingdom,2022,123335.66666666667,23.0,316730.0,2.900000095367432
United Kingdom,2023,150008.33333333334,24.0,526753.3333333334,5.0
World,2010,2493.0,0.0109999999403953,6815.0,0.0023000000510364
World,2011,16346.0,0.0680000036954879,22527.666666666668,0.0074999998323619
World,2012,40010.0,0.1599999964237213,63370.0,0.0199999995529651
World,2013,67015.33333333333,0.270000010728836,130046.66666666667,0.0399999991059303
World,2014,110031.33333333333,0.4099999964237213,236736.66666666666,0.0710000023245811
World,2015,183570.0,0.6800000071525574,416970.0,0.1199999973177909
World,2016,254133.33333333334,0.8999999761581421,671100.0,0.1899999976158142
World,2017,394500.0,1.399999976158142,1035600.0,0.2800000011920929
World,2018,688166.6666666666,2.400000095367432,1737000.0,0.4399999976158142
World,2019,695833.3333333334,2.5999999046325684,2406333.3333333335,0.6000000238418579
World,2020,995800.0,4.199999809265137,3408666.6666666665,0.8399999737739563
World,2021,2205333.3333333335,8.899999618530273,5447333.333333333,1.2999999523162842
World,2022,3405000.0,14.0,8685666.666666666,2.0999999046325684
World,2023,4602966.666666667,18.0,13355333.333333334,3.200000047683716
